"...1","Site","Clinic","Participation"
2017-10-01,"1","MLK Center",2224
2017-10-01,"3","Westmoreland",4578
2017-10-01,"5","Lake June",8103
2017-10-01,"7","Carrollton",2890
2017-10-01,"8","Grand Prairie",4602
2017-10-01,"9","Irving",7618
2017-10-01,"10","Highland Hills",3064
2017-10-01,"11","East Garland",4614
2017-10-01,"17","Northwest Highway",3764
2017-10-01,"24","North Dallas",6057
2017-10-01,"25","Ledbetter",7887
2017-10-01,"26","John West/Buckner",6616
2017-10-01,"30","Duncanville",3466
2017-10-01,"32","West Garland",5409
2017-10-01,"34","Stemmons Clinic",57
2017-10-01,"37","Abrams Road",4371
2017-10-01,"39","Mesquite",3921
2017-11-01,"1","MLK Center",2127
2017-11-01,"3","Westmoreland",4462
2017-11-01,"5","Lake June",7959
2017-11-01,"7","Carrollton",2887
2017-11-01,"8","Grand Prairie",4526
2017-11-01,"9","Irving",7557
2017-11-01,"10","Highland Hills",3006
2017-11-01,"11","East Garland",4566
2017-11-01,"17","Northwest Highway",3719
2017-11-01,"24","North Dallas",6004
2017-11-01,"25","Ledbetter",7713
2017-11-01,"26","John West/Buckner",6482
2017-11-01,"30","Duncanville",3420
2017-11-01,"32","West Garland",5323
2017-11-01,"34","Stemmons Clinic",18
2017-11-01,"37","Abrams Road",4360
2017-11-01,"39","Mesquite",3910
2017-12-01,"1","MLK Center",2079
2017-12-01,"3","Westmoreland",4385
2017-12-01,"5","Lake June",7813
2017-12-01,"7","Carrollton",2837
2017-12-01,"8","Grand Prairie",4321
2017-12-01,"9","Irving",7474
2017-12-01,"10","Highland Hills",2902
2017-12-01,"11","East Garland",4488
2017-12-01,"17","Northwest Highway",3637
2017-12-01,"24","North Dallas",5867
2017-12-01,"25","Ledbetter",7517
2017-12-01,"26","John West/Buckner",6339
2017-12-01,"30","Duncanville",3384
2017-12-01,"32","West Garland",5225
2017-12-01,"34","Stemmons Clinic",1
2017-12-01,"37","Abrams Road",4274
2017-12-01,"39","Mesquite",3862
2018-01-01,"1","MLK Center",2095
2018-01-01,"3","Westmoreland",4362
2018-01-01,"5","Lake June",7752
2018-01-01,"7","Carrollton",2833
2018-01-01,"8","Grand Prairie",4358
2018-01-01,"9","Irving",7496
2018-01-01,"10","Highland Hills",2916
2018-01-01,"11","East Garland",4518
2018-01-01,"17","Northwest Highway",3574
2018-01-01,"24","North Dallas",5880
2018-01-01,"25","Ledbetter",7642
2018-01-01,"26","John West/Buckner",6259
2018-01-01,"30","Duncanville",3374
2018-01-01,"32","West Garland",5157
2018-01-01,"34","Stemmons Clinic",0
2018-01-01,"37","Abrams Road",4266
2018-01-01,"39","Mesquite",3920
2018-02-01,"1","MLK Center",2068
2018-02-01,"3","Westmoreland",4320
2018-02-01,"5","Lake June",7586
2018-02-01,"7","Carrollton",2793
2018-02-01,"8","Grand Prairie",4352
2018-02-01,"9","Irving",7423
2018-02-01,"10","Highland Hills",2889
2018-02-01,"11","East Garland",4434
2018-02-01,"17","Northwest Highway",3556
2018-02-01,"24","North Dallas",5797
2018-02-01,"25","Ledbetter",7638
2018-02-01,"26","John West/Buckner",6191
2018-02-01,"30","Duncanville",3316
2018-02-01,"32","West Garland",5165
2018-02-01,"34","Stemmons Clinic",0
2018-02-01,"37","Abrams Road",4186
2018-02-01,"39","Mesquite",3858
2018-03-01,"1","MLK Center",2031
2018-03-01,"3","Westmoreland",4323
2018-03-01,"5","Lake June",7468
2018-03-01,"7","Carrollton",2788
2018-03-01,"8","Grand Prairie",4347
2018-03-01,"9","Irving",7344
2018-03-01,"10","Highland Hills",2889
2018-03-01,"11","East Garland",4432
2018-03-01,"17","Northwest Highway",3566
2018-03-01,"24","North Dallas",5773
2018-03-01,"25","Ledbetter",7663
2018-03-01,"26","John West/Buckner",6049
2018-03-01,"30","Duncanville",3294
2018-03-01,"32","West Garland",5091
2018-03-01,"34","Stemmons Clinic",0
2018-03-01,"37","Abrams Road",4186
2018-03-01,"39","Mesquite",3860
2018-04-01,"1","MLK Center",2014
2018-04-01,"3","Westmoreland",4342
2018-04-01,"5","Lake June",7513
2018-04-01,"7","Carrollton",2794
2018-04-01,"8","Grand Prairie",4377
2018-04-01,"9","Irving",7323
2018-04-01,"10","Highland Hills",2876
2018-04-01,"11","East Garland",4405
2018-04-01,"17","Northwest Highway",3547
2018-04-01,"24","North Dallas",5686
2018-04-01,"25","Ledbetter",7685
2018-04-01,"26","John West/Buckner",6033
2018-04-01,"30","Duncanville",3337
2018-04-01,"32","West Garland",5038
2018-04-01,"34","Stemmons Clinic",0
2018-04-01,"37","Abrams Road",4136
2018-04-01,"39","Mesquite",3859
2018-05-01,"1","MLK Center",2033
2018-05-01,"3","Westmoreland",4287
2018-05-01,"5","Lake June",7581
2018-05-01,"7","Carrollton",2831
2018-05-01,"8","Grand Prairie",4394
2018-05-01,"9","Irving",7385
2018-05-01,"10","Highland Hills",2860
2018-05-01,"11","East Garland",4421
2018-05-01,"17","Northwest Highway",3539
2018-05-01,"24","North Dallas",5665
2018-05-01,"25","Ledbetter",7825
2018-05-01,"26","John West/Buckner",6005
2018-05-01,"30","Duncanville",3328
2018-05-01,"32","West Garland",5003
2018-05-01,"34","Stemmons Clinic",0
2018-05-01,"37","Abrams Road",4148
2018-05-01,"39","Mesquite",3871
2018-06-01,"1","MLK Center",2058
2018-06-01,"3","Westmoreland",4277
2018-06-01,"5","Lake June",7517
2018-06-01,"7","Carrollton",2818
2018-06-01,"8","Grand Prairie",4474
2018-06-01,"9","Irving",7391
2018-06-01,"10","Highland Hills",2917
2018-06-01,"11","East Garland",4431
2018-06-01,"17","Northwest Highway",3566
2018-06-01,"24","North Dallas",5557
2018-06-01,"25","Ledbetter",7870
2018-06-01,"26","John West/Buckner",5952
2018-06-01,"30","Duncanville",3274
2018-06-01,"32","West Garland",4923
2018-06-01,"34","Stemmons Clinic",0
2018-06-01,"37","Abrams Road",4137
2018-06-01,"39","Mesquite",3902
2018-07-01,"1","MLK Center",1974
2018-07-01,"3","Westmoreland",4249
2018-07-01,"5","Lake June",7463
2018-07-01,"7","Carrollton",2762
2018-07-01,"8","Grand Prairie",4335
2018-07-01,"9","Irving",7248
2018-07-01,"10","Highland Hills",2905
2018-07-01,"11","East Garland",4251
2018-07-01,"17","Northwest Highway",3444
2018-07-01,"24","North Dallas",5340
2018-07-01,"25","Ledbetter",7567
2018-07-01,"26","John West/Buckner",5820
2018-07-01,"30","Duncanville",3207
2018-07-01,"32","West Garland",4877
2018-07-01,"34","Stemmons Clinic",0
2018-07-01,"37","Abrams Road",3968
2018-07-01,"39","Mesquite",3749
2018-08-01,"1","MLK Center",1844
2018-08-01,"3","Westmoreland",4019
2018-08-01,"5","Lake June",7167
2018-08-01,"7","Carrollton",2701
2018-08-01,"8","Grand Prairie",4255
2018-08-01,"9","Irving",6847
2018-08-01,"10","Highland Hills",2797
2018-08-01,"11","East Garland",4200
2018-08-01,"17","Northwest Highway",3375
2018-08-01,"24","North Dallas",5294
2018-08-01,"25","Ledbetter",7701
2018-08-01,"26","John West/Buckner",5506
2018-08-01,"30","Duncanville",3071
2018-08-01,"32","West Garland",4661
2018-08-01,"34","Stemmons Clinic",5
2018-08-01,"37","Abrams Road",3951
2018-08-01,"39","Mesquite",3671
2018-09-01,"1","MLK Center",1820
2018-09-01,"3","Westmoreland",3899
2018-09-01,"5","Lake June",6882
2018-09-01,"7","Carrollton",2645
2018-09-01,"8","Grand Prairie",4095
2018-09-01,"9","Irving",6583
2018-09-01,"10","Highland Hills",2712
2018-09-01,"11","East Garland",4172
2018-09-01,"17","Northwest Highway",3244
2018-09-01,"24","North Dallas",5154
2018-09-01,"25","Ledbetter",7593
2018-09-01,"26","John West/Buckner",5396
2018-09-01,"30","Duncanville",2986
2018-09-01,"32","West Garland",4456
2018-09-01,"34","Stemmons Clinic",2
2018-09-01,"37","Abrams Road",3888
2018-09-01,"39","Mesquite",3643
2018-10-01,"1","MLK Center",1802
2018-10-01,"3","Westmoreland",3655
2018-10-01,"5","Lake June",6607
2018-10-01,"7","Carrollton",2517
2018-10-01,"8","Grand Prairie",4068
2018-10-01,"9","Irving",6331
2018-10-01,"10","Highland Hills",2705
2018-10-01,"11","East Garland",4071
2018-10-01,"17","Northwest Highway",3121
2018-10-01,"24","North Dallas",5002
2018-10-01,"25","Ledbetter",7514
2018-10-01,"26","John West/Buckner",5099
2018-10-01,"30","Duncanville",2879
2018-10-01,"32","West Garland",4346
2018-10-01,"34","Stemmons Clinic",7
2018-10-01,"37","Abrams Road",3833
2018-10-01,"39","Mesquite",3551
2018-11-01,"1","MLK Center",1723
2018-11-01,"3","Westmoreland",3508
2018-11-01,"5","Lake June",6389
2018-11-01,"7","Carrollton",2401
2018-11-01,"8","Grand Prairie",3926
2018-11-01,"9","Irving",5985
2018-11-01,"10","Highland Hills",2624
2018-11-01,"11","East Garland",3909
2018-11-01,"17","Northwest Highway",2985
2018-11-01,"24","North Dallas",4723
2018-11-01,"25","Ledbetter",7231
2018-11-01,"26","John West/Buckner",4951
2018-11-01,"30","Duncanville",2753
2018-11-01,"32","West Garland",4151
2018-11-01,"34","Stemmons Clinic",8
2018-11-01,"37","Abrams Road",3648
2018-11-01,"39","Mesquite",3397
2018-12-01,"1","MLK Center",1676
2018-12-01,"3","Westmoreland",3541
2018-12-01,"5","Lake June",6356
2018-12-01,"7","Carrollton",2372
2018-12-01,"8","Grand Prairie",3916
2018-12-01,"9","Irving",6047
2018-12-01,"10","Highland Hills",2634
2018-12-01,"11","East Garland",3932
2018-12-01,"17","Northwest Highway",2965
2018-12-01,"24","North Dallas",4734
2018-12-01,"25","Ledbetter",7169
2018-12-01,"26","John West/Buckner",4942
2018-12-01,"30","Duncanville",2751
2018-12-01,"32","West Garland",4164
2018-12-01,"34","Stemmons Clinic",7
2018-12-01,"37","Abrams Road",3633
2018-12-01,"39","Mesquite",3450
2019-01-01,"1","MLK Center",1598
2019-01-01,"3","Westmoreland",3580
2019-01-01,"5","Lake June",6419
2019-01-01,"7","Carrollton",2367
2019-01-01,"8","Grand Prairie",3875
2019-01-01,"9","Irving",5995
2019-01-01,"10","Highland Hills",2621
2019-01-01,"11","East Garland",3920
2019-01-01,"17","Northwest Highway",2907
2019-01-01,"24","North Dallas",4753
2019-01-01,"25","Ledbetter",7029
2019-01-01,"26","John West/Buckner",4889
2019-01-01,"30","Duncanville",2750
2019-01-01,"32","West Garland",4157
2019-01-01,"34","Stemmons Clinic",0
2019-01-01,"37","Abrams Road",3594
2019-01-01,"39","Mesquite",3454
2019-02-01,"1","MLK Center",1572
2019-02-01,"3","Westmoreland",3507
2019-02-01,"5","Lake June",6249
2019-02-01,"7","Carrollton",2356
2019-02-01,"8","Grand Prairie",3857
2019-02-01,"9","Irving",6001
2019-02-01,"10","Highland Hills",2436
2019-02-01,"11","East Garland",3836
2019-02-01,"17","Northwest Highway",2860
2019-02-01,"24","North Dallas",4768
2019-02-01,"25","Ledbetter",6876
2019-02-01,"26","John West/Buckner",4741
2019-02-01,"30","Duncanville",2607
2019-02-01,"32","West Garland",4064
2019-02-01,"34","Stemmons Clinic",1
2019-02-01,"37","Abrams Road",3474
2019-02-01,"39","Mesquite",3400
2019-03-01,"1","MLK Center",1549
2019-03-01,"3","Westmoreland",3489
2019-03-01,"5","Lake June",6321
2019-03-01,"7","Carrollton",2400
2019-03-01,"8","Grand Prairie",3942
2019-03-01,"9","Irving",6098
2019-03-01,"10","Highland Hills",2309
2019-03-01,"11","East Garland",3910
2019-03-01,"17","Northwest Highway",2919
2019-03-01,"24","North Dallas",4935
2019-03-01,"25","Ledbetter",6926
2019-03-01,"26","John West/Buckner",4699
2019-03-01,"30","Duncanville",2650
2019-03-01,"32","West Garland",4124
2019-03-01,"34","Stemmons Clinic",2
2019-03-01,"37","Abrams Road",3562
2019-03-01,"39","Mesquite",3453
2019-04-01,"1","MLK Center",1568
2019-04-01,"3","Westmoreland",3507
2019-04-01,"5","Lake June",6281
2019-04-01,"7","Carrollton",2410
2019-04-01,"8","Grand Prairie",3887
2019-04-01,"9","Irving",6099
2019-04-01,"10","Highland Hills",2188
2019-04-01,"11","East Garland",3982
2019-04-01,"17","Northwest Highway",2938
2019-04-01,"24","North Dallas",4930
2019-04-01,"25","Ledbetter",6959
2019-04-01,"26","John West/Buckner",4685
2019-04-01,"30","Duncanville",2667
2019-04-01,"32","West Garland",4143
2019-04-01,"34","Stemmons Clinic",1
2019-04-01,"37","Abrams Road",3636
2019-04-01,"39","Mesquite",3459
2019-05-01,"1","MLK Center",1586
2019-05-01,"3","Westmoreland",3588
2019-05-01,"5","Lake June",6293
2019-05-01,"7","Carrollton",2361
2019-05-01,"8","Grand Prairie",3939
2019-05-01,"9","Irving",6191
2019-05-01,"10","Highland Hills",2140
2019-05-01,"11","East Garland",4025
2019-05-01,"17","Northwest Highway",2949
2019-05-01,"24","North Dallas",4936
2019-05-01,"25","Ledbetter",6937
2019-05-01,"26","John West/Buckner",4701
2019-05-01,"30","Duncanville",2659
2019-05-01,"32","West Garland",4097
2019-05-01,"34","Stemmons Clinic",0
2019-05-01,"37","Abrams Road",3594
2019-05-01,"39","Mesquite",3434
2019-06-01,"1","MLK Center",1586
2019-06-01,"3","Westmoreland",3573
2019-06-01,"5","Lake June",6386
2019-06-01,"7","Carrollton",2360
2019-06-01,"8","Grand Prairie",3887
2019-06-01,"9","Irving",6234
2019-06-01,"10","Highland Hills",2097
2019-06-01,"11","East Garland",4039
2019-06-01,"17","Northwest Highway",2941
2019-06-01,"24","North Dallas",4957
2019-06-01,"25","Ledbetter",7045
2019-06-01,"26","John West/Buckner",4698
2019-06-01,"30","Duncanville",2725
2019-06-01,"32","West Garland",4058
2019-06-01,"34","Stemmons Clinic",0
2019-06-01,"37","Abrams Road",3543
2019-06-01,"39","Mesquite",3475
2019-07-01,"1","MLK Center",1616
2019-07-01,"3","Westmoreland",3590
2019-07-01,"5","Lake June",6581
2019-07-01,"7","Carrollton",2361
2019-07-01,"8","Grand Prairie",3928
2019-07-01,"9","Irving",6277
2019-07-01,"10","Highland Hills",2100
2019-07-01,"11","East Garland",4121
2019-07-01,"17","Northwest Highway",2945
2019-07-01,"24","North Dallas",5028
2019-07-01,"25","Ledbetter",7188
2019-07-01,"26","John West/Buckner",4733
2019-07-01,"30","Duncanville",2814
2019-07-01,"32","West Garland",4087
2019-07-01,"34","Stemmons Clinic",0
2019-07-01,"37","Abrams Road",3574
2019-07-01,"39","Mesquite",3515
2019-08-01,"1","MLK Center",1633
2019-08-01,"3","Westmoreland",3544
2019-08-01,"5","Lake June",6661
2019-08-01,"7","Carrollton",2367
2019-08-01,"8","Grand Prairie",3952
2019-08-01,"9","Irving",6391
2019-08-01,"10","Highland Hills",2119
2019-08-01,"11","East Garland",4191
2019-08-01,"17","Northwest Highway",2940
2019-08-01,"24","North Dallas",5100
2019-08-01,"25","Ledbetter",7255
2019-08-01,"26","John West/Buckner",4755
2019-08-01,"30","Duncanville",2818
2019-08-01,"32","West Garland",4144
2019-08-01,"34","Stemmons Clinic",0
2019-08-01,"37","Abrams Road",3617
2019-08-01,"39","Mesquite",3570
2019-09-01,"1","MLK Center",1641
2019-09-01,"3","Westmoreland",3545
2019-09-01,"5","Lake June",6674
2019-09-01,"7","Carrollton",2405
2019-09-01,"8","Grand Prairie",3962
2019-09-01,"9","Irving",6306
2019-09-01,"10","Highland Hills",2013
2019-09-01,"11","East Garland",4197
2019-09-01,"17","Northwest Highway",2926
2019-09-01,"24","North Dallas",5084
2019-09-01,"25","Ledbetter",7283
2019-09-01,"26","John West/Buckner",4735
2019-09-01,"30","Duncanville",2860
2019-09-01,"32","West Garland",4134
2019-09-01,"34","Stemmons Clinic",0
2019-09-01,"37","Abrams Road",3659
2019-09-01,"39","Mesquite",3624
2019-10-01,"1","MLK Center",1624
2019-10-01,"3","Westmoreland",3500
2019-10-01,"5","Lake June",6690
2019-10-01,"7","Carrollton",2386
2019-10-01,"8","Grand Prairie",4007
2019-10-01,"9","Irving",6316
2019-10-01,"10","Highland Hills",1544
2019-10-01,"11","East Garland",4216
2019-10-01,"17","Northwest Highway",2865
2019-10-01,"24","North Dallas",5106
2019-10-01,"25","Ledbetter",7606
2019-10-01,"26","John West/Buckner",4687
2019-10-01,"30","Duncanville",2924
2019-10-01,"32","West Garland",4119
2019-10-01,"34","Medical District",0
2019-10-01,"37","Abrams Road",3633
2019-10-01,"39","Mesquite",3688
2019-11-01,"1","MLK Center",1575
2019-11-01,"3","Westmoreland",3510
2019-11-01,"5","Lake June",6609
2019-11-01,"7","Carrollton",2391
2019-11-01,"8","Grand Prairie",3953
2019-11-01,"9","Irving",6297
2019-11-01,"10","Highland Hills",1262
2019-11-01,"11","East Garland",4165
2019-11-01,"17","Northwest Highway",2783
2019-11-01,"24","North Dallas",5017
2019-11-01,"25","Ledbetter",7637
2019-11-01,"26","John West/Buckner",4574
2019-11-01,"30","Duncanville",2924
2019-11-01,"32","West Garland",4080
2019-11-01,"34","Medical District",0
2019-11-01,"37","Abrams Road",3641
2019-11-01,"39","Mesquite",3723
2019-12-01,"1","MLK Center",1599
2019-12-01,"3","Westmoreland",3487
2019-12-01,"5","Lake June",6673
2019-12-01,"7","Carrollton",2418
2019-12-01,"8","Grand Prairie",3898
2019-12-01,"9","Irving",6289
2019-12-01,"10","Highland Hills",1064
2019-12-01,"11","East Garland",4114
2019-12-01,"17","Northwest Highway",2723
2019-12-01,"24","North Dallas",4999
2019-12-01,"25","Ledbetter",7763
2019-12-01,"26","John West/Buckner",4475
2019-12-01,"30","Duncanville",2936
2019-12-01,"32","West Garland",4066
2019-12-01,"34","Medical District",0
2019-12-01,"37","Abrams Road",3617
2019-12-01,"39","Mesquite",3672
2020-01-01,"1","MLK Center",1630
2020-01-01,"3","Westmoreland",3444
2020-01-01,"5","Lake June",6822
2020-01-01,"7","Carrollton",2412
2020-01-01,"8","Grand Prairie",3965
2020-01-01,"9","Irving",6339
2020-01-01,"10","Highland Hills",1121
2020-01-01,"11","East Garland",4173
2020-01-01,"17","Northwest Highway",2852
2020-01-01,"24","North Dallas",5062
2020-01-01,"25","Ledbetter",7872
2020-01-01,"26","John West/Buckner",4512
2020-01-01,"30","Duncanville",3050
2020-01-01,"32","West Garland",4074
2020-01-01,"34","Medical District",0
2020-01-01,"37","Abrams Road",3687
2020-01-01,"39","Mesquite",3718
2020-02-01,"1","MLK Center",1603
2020-02-01,"3","Westmoreland",3404
2020-02-01,"5","Lake June",6834
2020-02-01,"7","Carrollton",2407
2020-02-01,"8","Grand Prairie",3979
2020-02-01,"9","Irving",6294
2020-02-01,"10","Highland Hills",1200
2020-02-01,"11","East Garland",4274
2020-02-01,"17","Northwest Highway",2835
2020-02-01,"24","North Dallas",5037
2020-02-01,"25","Ledbetter",7897
2020-02-01,"26","John West/Buckner",4520
2020-02-01,"30","Duncanville",3036
2020-02-01,"32","West Garland",4080
2020-02-01,"34","Medical District",0
2020-02-01,"37","Abrams Road",3616
2020-02-01,"39","Mesquite",3689
2020-03-01,"1","MLK Center",1487
2020-03-01,"3","Westmoreland",3252
2020-03-01,"5","Lake June",6655
2020-03-01,"7","Carrollton",2266
2020-03-01,"8","Grand Prairie",3918
2020-03-01,"9","Irving",6035
2020-03-01,"10","Highland Hills",1143
2020-03-01,"11","East Garland",4223
2020-03-01,"17","Northwest Highway",2820
2020-03-01,"24","North Dallas",5216
2020-03-01,"25","Ledbetter",8100
2020-03-01,"26","John West/Buckner",4346
2020-03-01,"30","Duncanville",3106
2020-03-01,"32","West Garland",3981
2020-03-01,"34","Medical District",291
2020-03-01,"37","Abrams Road",3485
2020-03-01,"39","Mesquite",3490
2020-04-01,"1","MLK Center",1092
2020-04-01,"3","Westmoreland",2887
2020-04-01,"5","Lake June",6892
2020-04-01,"7","Carrollton",2025
2020-04-01,"8","Grand Prairie",4191
2020-04-01,"9","Irving",5727
2020-04-01,"10","Highland Hills",1170
2020-04-01,"11","East Garland",4027
2020-04-01,"17","Northwest Highway",2877
2020-04-01,"24","North Dallas",5508
2020-04-01,"25","Ledbetter",8747
2020-04-01,"26","John West/Buckner",3928
2020-04-01,"30","Duncanville",2915
2020-04-01,"32","West Garland",4157
2020-04-01,"34","Medical District",859
2020-04-01,"37","Abrams Road",3455
2020-04-01,"39","Mesquite",3077
2020-05-01,"1","MLK Center",612
2020-05-01,"3","Westmoreland",2845
2020-05-01,"5","Lake June",7237
2020-05-01,"7","Carrollton",1489
2020-05-01,"8","Grand Prairie",4344
2020-05-01,"9","Irving",5404
2020-05-01,"10","Highland Hills",806
2020-05-01,"11","East Garland",3874
2020-05-01,"17","Northwest Highway",3063
2020-05-01,"24","North Dallas",5933
2020-05-01,"25","Ledbetter",9495
2020-05-01,"26","John West/Buckner",3761
2020-05-01,"30","Duncanville",2552
2020-05-01,"32","West Garland",4504
2020-05-01,"34","Medical District",978
2020-05-01,"37","Abrams Road",3607
2020-05-01,"39","Mesquite",2786
2020-06-01,"1","MLK Center",179
2020-06-01,"3","Westmoreland",3091
2020-06-01,"5","Lake June",7545
2020-06-01,"7","Carrollton",1256
2020-06-01,"8","Grand Prairie",4465
2020-06-01,"9","Irving",5669
2020-06-01,"10","Highland Hills",540
2020-06-01,"11","East Garland",3994
2020-06-01,"17","Northwest Highway",3227
2020-06-01,"24","North Dallas",6030
2020-06-01,"25","Ledbetter",9818
2020-06-01,"26","John West/Buckner",3952
2020-06-01,"30","Duncanville",2480
2020-06-01,"32","West Garland",4592
2020-06-01,"34","Medical District",979
2020-06-01,"37","Abrams Road",3663
2020-06-01,"39","Mesquite",2766
2020-07-01,"1","MLK Center",24
2020-07-01,"3","Westmoreland",3467
2020-07-01,"5","Lake June",7864
2020-07-01,"7","Carrollton",1443
2020-07-01,"8","Grand Prairie",4202
2020-07-01,"9","Irving",6101
2020-07-01,"10","Highland Hills",212
2020-07-01,"11","East Garland",4294
2020-07-01,"17","Northwest Highway",3143
2020-07-01,"24","North Dallas",5923
2020-07-01,"25","Ledbetter",9962
2020-07-01,"26","John West/Buckner",4056
2020-07-01,"30","Duncanville",2518
2020-07-01,"32","West Garland",4772
2020-07-01,"34","Medical District",511
2020-07-01,"37","Abrams Road",3881
2020-07-01,"39","Mesquite",2874
2020-08-01,"1","MLK Center",0
2020-08-01,"3","Westmoreland",3635
2020-08-01,"5","Lake June",7704
2020-08-01,"7","Carrollton",1571
2020-08-01,"8","Grand Prairie",3890
2020-08-01,"9","Irving",6289
2020-08-01,"10","Highland Hills",65
2020-08-01,"11","East Garland",4365
2020-08-01,"17","Northwest Highway",3097
2020-08-01,"24","North Dallas",5554
2020-08-01,"25","Ledbetter",9303
2020-08-01,"26","John West/Buckner",4195
2020-08-01,"30","Duncanville",2512
2020-08-01,"32","West Garland",4658
2020-08-01,"34","Medical District",330
2020-08-01,"37","Abrams Road",3707
2020-08-01,"39","Mesquite",3062
2020-09-01,"1","MLK Center",0
2020-09-01,"3","Westmoreland",3722
2020-09-01,"5","Lake June",7601
2020-09-01,"7","Carrollton",1853
2020-09-01,"8","Grand Prairie",3900
2020-09-01,"9","Irving",6261
2020-09-01,"10","Highland Hills",10
2020-09-01,"11","East Garland",4392
2020-09-01,"17","Northwest Highway",2919
2020-09-01,"24","North Dallas",5359
2020-09-01,"25","Ledbetter",8963
2020-09-01,"26","John West/Buckner",4189
2020-09-01,"30","Duncanville",2501
2020-09-01,"32","West Garland",4546
2020-09-01,"34","Medical District",233
2020-09-01,"37","Abrams Road",3707
2020-09-01,"39","Mesquite",3004
2020-10-01,"1","MLK Center",0
2020-10-01,"3","Westmoreland",3784
2020-10-01,"5","Lake June",7652
2020-10-01,"7","Carrollton",1894
2020-10-01,"8","Grand Prairie",3915
2020-10-01,"9","Irving",6428
2020-10-01,"10","Highland Hills",4
2020-10-01,"11","East Garland",4402
2020-10-01,"17","Northwest Highway",2902
2020-10-01,"24","North Dallas",5373
2020-10-01,"25","Ledbetter",8937
2020-10-01,"26","John West/Buckner",4214
2020-10-01,"30","Duncanville",2440
2020-10-01,"32","West Garland",4612
2020-10-01,"34","Medical District",241
2020-10-01,"37","Abrams Road",3765
2020-10-01,"39","Mesquite",3074
2020-11-01,"1","MLK Center",0
2020-11-01,"3","Westmoreland",3788
2020-11-01,"5","Lake June",7804
2020-11-01,"7","Carrollton",1916
2020-11-01,"8","Grand Prairie",3864
2020-11-01,"9","Irving",6517
2020-11-01,"10","Highland Hills",1
2020-11-01,"11","East Garland",4375
2020-11-01,"17","Northwest Highway",2827
2020-11-01,"24","North Dallas",5431
2020-11-01,"25","Ledbetter",8866
2020-11-01,"26","John West/Buckner",4128
2020-11-01,"30","Duncanville",2456
2020-11-01,"32","West Garland",4571
2020-11-01,"34","Medical District",270
2020-11-01,"37","Abrams Road",3758
2020-11-01,"39","Mesquite",3102
2020-12-01,"1","MLK Center",0
2020-12-01,"3","Westmoreland",3748
2020-12-01,"5","Lake June",7685
2020-12-01,"7","Carrollton",1800
2020-12-01,"8","Grand Prairie",3889
2020-12-01,"9","Irving",6523
2020-12-01,"10","Highland Hills",0
2020-12-01,"11","East Garland",4386
2020-12-01,"17","Northwest Highway",2876
2020-12-01,"24","North Dallas",5487
2020-12-01,"25","Ledbetter",8849
2020-12-01,"26","John West/Buckner",4101
2020-12-01,"30","Duncanville",2480
2020-12-01,"32","West Garland",4473
2020-12-01,"34","Medical District",325
2020-12-01,"37","Abrams Road",3758
2020-12-01,"39","Mesquite",3071
2021-01-01,"1","MLK Center",0
2021-01-01,"3","Westmoreland",3808
2021-01-01,"5","Lake June",7640
2021-01-01,"7","Carrollton",1376
2021-01-01,"8","Grand Prairie",3780
2021-01-01,"9","Irving",6605
2021-01-01,"10","Highland Hills",0
2021-01-01,"11","East Garland",4401
2021-01-01,"17","Northwest Highway",2967
2021-01-01,"24","North Dallas",5585
2021-01-01,"25","Ledbetter",8775
2021-01-01,"26","John West/Buckner",4055
2021-01-01,"30","Duncanville",2439
2021-01-01,"32","West Garland",4337
2021-01-01,"34","Medical District",310
2021-01-01,"37","Abrams Road",3739
2021-01-01,"39","Mesquite",3051
2021-02-01,"1","MLK Center",0
2021-02-01,"3","Westmoreland",3697
2021-02-01,"5","Lake June",7346
2021-02-01,"7","Carrollton",808
2021-02-01,"8","Grand Prairie",3712
2021-02-01,"9","Irving",6548
2021-02-01,"10","Highland Hills",0
2021-02-01,"11","East Garland",4335
2021-02-01,"17","Northwest Highway",3060
2021-02-01,"24","North Dallas",5664
2021-02-01,"25","Ledbetter",8332
2021-02-01,"26","John West/Buckner",3846
2021-02-01,"30","Duncanville",2371
2021-02-01,"32","West Garland",4254
2021-02-01,"34","Medical District",289
2021-02-01,"37","Abrams Road",3593
2021-02-01,"39","Mesquite",2934
2021-03-01,"1","MLK Center",0
2021-03-01,"3","Westmoreland",3769
2021-03-01,"5","Lake June",7462
2021-03-01,"7","Carrollton",349
2021-03-01,"8","Grand Prairie",3745
2021-03-01,"9","Irving",6756
2021-03-01,"10","Highland Hills",0
2021-03-01,"11","East Garland",4377
2021-03-01,"17","Northwest Highway",3269
2021-03-01,"24","North Dallas",5940
2021-03-01,"25","Ledbetter",8387
2021-03-01,"26","John West/Buckner",3951
2021-03-01,"30","Duncanville",2384
2021-03-01,"32","West Garland",4291
2021-03-01,"34","Medical District",264
2021-03-01,"37","Abrams Road",3653
2021-03-01,"39","Mesquite",2952
2021-04-01,"1","MLK Center",0
2021-04-01,"3","Westmoreland",3778
2021-04-01,"5","Lake June",7544
2021-04-01,"7","Carrollton",6
2021-04-01,"8","Grand Prairie",3730
2021-04-01,"9","Irving",6728
2021-04-01,"10","Highland Hills",0
2021-04-01,"11","East Garland",4332
2021-04-01,"17","Northwest Highway",3323
2021-04-01,"24","North Dallas",6047
2021-04-01,"25","Ledbetter",8181
2021-04-01,"26","John West/Buckner",4008
2021-04-01,"30","Duncanville",2304
2021-04-01,"32","West Garland",4183
2021-04-01,"34","Medical District",284
2021-04-01,"37","Abrams Road",3593
2021-04-01,"39","Mesquite",2964
2021-05-01,"1","MLK Center",0
2021-05-01,"3","Westmoreland",3633
2021-05-01,"5","Lake June",7396
2021-05-01,"7","Carrollton",6
2021-05-01,"8","Grand Prairie",3672
2021-05-01,"9","Irving",6555
2021-05-01,"10","Highland Hills",0
2021-05-01,"11","East Garland",4338
2021-05-01,"17","Northwest Highway",3310
2021-05-01,"24","North Dallas",5855
2021-05-01,"25","Ledbetter",7917
2021-05-01,"26","John West/Buckner",4062
2021-05-01,"30","Duncanville",2298
2021-05-01,"32","West Garland",4095
2021-05-01,"34","Medical District",305
2021-05-01,"37","Abrams Road",3535
2021-05-01,"39","Mesquite",3024
2021-06-01,"1","MLK Center",0
2021-06-01,"3","Westmoreland",3603
2021-06-01,"5","Lake June",7451
2021-06-01,"7","Carrollton",3
2021-06-01,"8","Grand Prairie",3683
2021-06-01,"9","Irving",6649
2021-06-01,"10","Highland Hills",0
2021-06-01,"11","East Garland",4355
2021-06-01,"17","Northwest Highway",3372
2021-06-01,"24","North Dallas",5876
2021-06-01,"25","Ledbetter",7618
2021-06-01,"26","John West/Buckner",4077
2021-06-01,"30","Duncanville",2361
2021-06-01,"32","West Garland",4112
2021-06-01,"34","Medical District",340
2021-06-01,"37","Abrams Road",3578
2021-06-01,"39","Mesquite",3020
2021-07-01,"1","MLK Center",5
2021-07-01,"3","Westmoreland",3649
2021-07-01,"5","Lake June",7384
2021-07-01,"7","Carrollton",0
2021-07-01,"8","Grand Prairie",3693
2021-07-01,"9","Irving",6814
2021-07-01,"10","Highland Hills",8
2021-07-01,"11","East Garland",4326
2021-07-01,"17","Northwest Highway",3358
2021-07-01,"24","North Dallas",5856
2021-07-01,"25","Ledbetter",7525
2021-07-01,"26","John West/Buckner",4140
2021-07-01,"30","Duncanville",2310
2021-07-01,"32","West Garland",3999
2021-07-01,"34","Medical District",345
2021-07-01,"37","Abrams Road",3635
2021-07-01,"39","Mesquite",3054
2021-08-01,"1","MLK Center",37
2021-08-01,"3","Westmoreland",3730
2021-08-01,"5","Lake June",7452
2021-08-01,"7","Carrollton",0
2021-08-01,"8","Grand Prairie",3837
2021-08-01,"9","Irving",7025
2021-08-01,"10","Highland Hills",22
2021-08-01,"11","East Garland",4375
2021-08-01,"17","Northwest Highway",3374
2021-08-01,"24","North Dallas",5916
2021-08-01,"25","Ledbetter",7750
2021-08-01,"26","John West/Buckner",4217
2021-08-01,"30","Duncanville",2470
2021-08-01,"32","West Garland",4075
2021-08-01,"34","Medical District",354
2021-08-01,"37","Abrams Road",3699
2021-08-01,"39","Mesquite",3186
2021-09-01,"1","MLK Center",100
2021-09-01,"3","Westmoreland",3776
2021-09-01,"5","Lake June",7533
2021-09-01,"7","Carrollton",0
2021-09-01,"8","Grand Prairie",3873
2021-09-01,"9","Irving",7240
2021-09-01,"10","Highland Hills",42
2021-09-01,"11","East Garland",4443
2021-09-01,"17","Northwest Highway",3435
2021-09-01,"24","North Dallas",6048
2021-09-01,"25","Ledbetter",7911
2021-09-01,"26","John West/Buckner",4390
2021-09-01,"30","Duncanville",2599
2021-09-01,"32","West Garland",4215
2021-09-01,"34","Medical District",347
2021-09-01,"37","Abrams Road",3733
2021-09-01,"39","Mesquite",3325
2021-10-01,"1","MLK Center",176
2021-10-01,"3","Westmoreland",3747
2021-10-01,"5","Lake June",7602
2021-10-01,"8","Grand Prairie",3923
2021-10-01,"9","Irving",7374
2021-10-01,"10","Highland Hills",51
2021-10-01,"11","East Garland",4415
2021-10-01,"17","Northwest Highway",3398
2021-10-01,"24","North Dallas",6035
2021-10-01,"25","Ledbetter",7911
2021-10-01,"26","John West/Buckner",4406
2021-10-01,"30","Duncanville",2582
2021-10-01,"32","West Garland",4276
2021-10-01,"34","Medical District",302
2021-10-01,"37","Abrams Road",3736
2021-10-01,"39","Mesquite",3285
2021-11-01,"1","MLK Center",307
2021-11-01,"3","Westmoreland",3724
2021-11-01,"5","Lake June",7765
2021-11-01,"8","Grand Prairie",4035
2021-11-01,"9","Irving",7568
2021-11-01,"10","Highland Hills",86
2021-11-01,"11","East Garland",4407
2021-11-01,"17","Northwest Highway",3414
2021-11-01,"24","North Dallas",5972
2021-11-01,"25","Ledbetter",7740
2021-11-01,"26","John West/Buckner",4442
2021-11-01,"30","Duncanville",2642
2021-11-01,"32","West Garland",4353
2021-11-01,"34","Medical District",297
2021-11-01,"37","Abrams Road",3818
2021-11-01,"39","Mesquite",3350
2021-12-01,"1","MLK Center",404
2021-12-01,"3","Westmoreland",3687
2021-12-01,"5","Lake June",7659
2021-12-01,"8","Grand Prairie",4032
2021-12-01,"9","Irving",7691
2021-12-01,"10","Highland Hills",103
2021-12-01,"11","East Garland",4356
2021-12-01,"17","Northwest Highway",3339
2021-12-01,"24","North Dallas",6016
2021-12-01,"25","Ledbetter",7593
2021-12-01,"26","John West/Buckner",4471
2021-12-01,"30","Duncanville",2678
2021-12-01,"32","West Garland",4404
2021-12-01,"34","Medical District",280
2021-12-01,"37","Abrams Road",3785
2021-12-01,"39","Mesquite",3409
2022-01-01,"1","MLK Center",482
2022-01-01,"3","Westmoreland",3676
2022-01-01,"5","Lake June",7712
2022-01-01,"8","Grand Prairie",4042
2022-01-01,"9","Irving",7932
2022-01-01,"10","Highland Hills",112
2022-01-01,"11","East Garland",4451
2022-01-01,"17","Northwest Highway",3348
2022-01-01,"24","North Dallas",6043
2022-01-01,"25","Ledbetter",7691
2022-01-01,"26","John West/Buckner",4513
2022-01-01,"30","Duncanville",2697
2022-01-01,"32","West Garland",4540
2022-01-01,"34","Medical District",200
2022-01-01,"37","Abrams Road",3769
2022-01-01,"39","Mesquite",3505
2022-02-01,"1","MLK Center",505
2022-02-01,"3","Westmoreland",3744
2022-02-01,"5","Lake June",7635
2022-02-01,"8","Grand Prairie",4022
2022-02-01,"9","Irving",7912
2022-02-01,"10","Highland Hills",121
2022-02-01,"11","East Garland",4417
2022-02-01,"17","Northwest Highway",3298
2022-02-01,"24","North Dallas",5967
2022-02-01,"25","Ledbetter",7581
2022-02-01,"26","John West/Buckner",4454
2022-02-01,"30","Duncanville",2621
2022-02-01,"32","West Garland",4562
2022-02-01,"34","Medical District",176
2022-02-01,"37","Abrams Road",3757
2022-02-01,"39","Mesquite",3404
2022-03-01,"1","MLK Center",574
2022-03-01,"3","Westmoreland",3861
2022-03-01,"5","Lake June",7810
2022-03-01,"8","Grand Prairie",4110
2022-03-01,"9","Irving",8014
2022-03-01,"10","Highland Hills",132
2022-03-01,"11","East Garland",4454
2022-03-01,"17","Northwest Highway",3304
2022-03-01,"24","North Dallas",6065
2022-03-01,"25","Ledbetter",7624
2022-03-01,"26","John West/Buckner",4574
2022-03-01,"30","Duncanville",2670
2022-03-01,"32","West Garland",4641
2022-03-01,"34","Medical District",181
2022-03-01,"37","Abrams Road",3870
2022-03-01,"39","Mesquite",3467
2022-04-01,"1","MLK Center",614
2022-04-01,"3","Westmoreland",3986
2022-04-01,"5","Lake June",7982
2022-04-01,"8","Grand Prairie",4173
2022-04-01,"9","Irving",8107
2022-04-01,"10","Highland Hills",133
2022-04-01,"11","East Garland",4533
2022-04-01,"17","Northwest Highway",3293
2022-04-01,"24","North Dallas",6128
2022-04-01,"25","Ledbetter",7661
2022-04-01,"26","John West/Buckner",4700
2022-04-01,"30","Duncanville",2748
2022-04-01,"32","West Garland",4603
2022-04-01,"34","Medical District",179
2022-04-01,"37","Abrams Road",3932
2022-04-01,"39","Mesquite",3413
2022-05-01,"1","MLK Center",683
2022-05-01,"3","Westmoreland",4107
2022-05-01,"5","Lake June",8079
2022-05-01,"8","Grand Prairie",4229
2022-05-01,"9","Irving",8218
2022-05-01,"10","Highland Hills",143
2022-05-01,"11","East Garland",4576
2022-05-01,"17","Northwest Highway",3320
2022-05-01,"24","North Dallas",6199
2022-05-01,"25","Ledbetter",7794
2022-05-01,"26","John West/Buckner",4907
2022-05-01,"30","Duncanville",2792
2022-05-01,"32","West Garland",4441
2022-05-01,"34","Medical District",155
2022-05-01,"37","Abrams Road",3979
2022-05-01,"39","Mesquite",3181
2022-06-01,"1","MLK Center",759
2022-06-01,"3","Westmoreland",4192
2022-06-01,"5","Lake June",8280
2022-06-01,"8","Grand Prairie",4379
2022-06-01,"9","Irving",8447
2022-06-01,"10","Highland Hills",150
2022-06-01,"11","East Garland",4812
2022-06-01,"17","Northwest Highway",3329
2022-06-01,"24","North Dallas",6299
2022-06-01,"25","Ledbetter",7729
2022-06-01,"26","John West/Buckner",5253
2022-06-01,"30","Duncanville",2859
2022-06-01,"32","West Garland",4369
2022-06-01,"34","Medical District",141
2022-06-01,"37","Abrams Road",4064
2022-06-01,"39","Mesquite",2953
2022-07-01,"1","MLK Center",867
2022-07-01,"3","Westmoreland",4251
2022-07-01,"5","Lake June",8552
2022-07-01,"8","Grand Prairie",4438
2022-07-01,"9","Irving",8450
2022-07-01,"10","Highland Hills",152
2022-07-01,"11","East Garland",4918
2022-07-01,"17","Northwest Highway",3376
2022-07-01,"24","North Dallas",6280
2022-07-01,"25","Ledbetter",7743
2022-07-01,"26","John West/Buckner",5755
2022-07-01,"30","Duncanville",2966
2022-07-01,"32","West Garland",4150
2022-07-01,"34","Medical District",138
2022-07-01,"37","Abrams Road",4122
2022-07-01,"39","Mesquite",2159
2022-08-01,"1","MLK Center",924
2022-08-01,"3","Westmoreland",4293
2022-08-01,"5","Lake June",8904
2022-08-01,"8","Grand Prairie",4498
2022-08-01,"9","Irving",8547
2022-08-01,"10","Highland Hills",157
2022-08-01,"11","East Garland",5176
2022-08-01,"17","Northwest Highway",3542
2022-08-01,"24","North Dallas",6339
2022-08-01,"25","Ledbetter",7853
2022-08-01,"26","John West/Buckner",6281
2022-08-01,"30","Duncanville",3070
2022-08-01,"32","West Garland",4030
2022-08-01,"34","Medical District",147
2022-08-01,"37","Abrams Road",4178
2022-08-01,"39","Mesquite",1294
2022-09-01,"1","MLK Center",984
2022-09-01,"3","Westmoreland",4298
2022-09-01,"5","Lake June",9150
2022-09-01,"8","Grand Prairie",4461
2022-09-01,"9","Irving",8546
2022-09-01,"10","Highland Hills",163
2022-09-01,"11","East Garland",5291
2022-09-01,"17","Northwest Highway",3617
2022-09-01,"24","North Dallas",6381
2022-09-01,"25","Ledbetter",7931
2022-09-01,"26","John West/Buckner",6634
2022-09-01,"30","Duncanville",3094
2022-09-01,"32","West Garland",4072
2022-09-01,"34","Medical District",132
2022-09-01,"37","Abrams Road",4254
2022-09-01,"39","Mesquite",676
2022-10-01,"1","MLK Center",1021
2022-10-01,"3","Westmoreland",4335
2022-10-01,"5","Lake June",9511
2022-10-01,"8","Grand Prairie",4511
2022-10-01,"9","Irving",8727
2022-10-01,"10","Highland Hills",149
2022-10-01,"11","East Garland",5490
2022-10-01,"17","Northwest Highway",3680
2022-10-01,"24","North Dallas",6458
2022-10-01,"25","Ledbetter",8064
2022-10-01,"26","John West/Buckner",7020
2022-10-01,"30","Duncanville",3067
2022-10-01,"32","West Garland",4129
2022-10-01,"34","Medical District",129
2022-10-01,"37","Abrams Road",4217
2022-10-01,"39","Mesquite",67
2022-11-01,"1","MLK Center",1056
2022-11-01,"3","Westmoreland",4379
2022-11-01,"5","Lake June",9555
2022-11-01,"8","Grand Prairie",4512
2022-11-01,"9","Irving",8782
2022-11-01,"10","Highland Hills",136
2022-11-01,"11","East Garland",5509
2022-11-01,"17","Northwest Highway",3719
2022-11-01,"24","North Dallas",6544
2022-11-01,"25","Ledbetter",8115
2022-11-01,"26","John West/Buckner",7124
2022-11-01,"30","Duncanville",3078
2022-11-01,"32","West Garland",4192
2022-11-01,"34","Medical District",130
2022-11-01,"37","Abrams Road",4278
2022-11-01,"42","Fruitdale",0
2022-12-01,"1","MLK Center",1067
2022-12-01,"3","Westmoreland",4384
2022-12-01,"5","Lake June",9542
2022-12-01,"8","Grand Prairie",4570
2022-12-01,"9","Irving",8720
2022-12-01,"10","Highland Hills",129
2022-12-01,"11","East Garland",5511
2022-12-01,"17","Northwest Highway",3690
2022-12-01,"24","North Dallas",6598
2022-12-01,"25","Ledbetter",8079
2022-12-01,"26","John West/Buckner",7170
2022-12-01,"30","Duncanville",3035
2022-12-01,"32","West Garland",4273
2022-12-01,"34","Medical District",124
2022-12-01,"37","Abrams Road",4245
2022-12-01,"42","Fruitdale",0
2023-01-01,"1","MLK Center",1050
2023-01-01,"3","Westmoreland",4400
2023-01-01,"5","Lake June",9628
2023-01-01,"8","Grand Prairie",4602
2023-01-01,"9","Irving",8932
2023-01-01,"10","Highland Hills",132
2023-01-01,"11","East Garland",5649
2023-01-01,"17","Northwest Highway",3652
2023-01-01,"24","North Dallas",6619
2023-01-01,"25","Ledbetter",8208
2023-01-01,"26","John West/Buckner",7197
2023-01-01,"30","Duncanville",3061
2023-01-01,"32","West Garland",4357
2023-01-01,"34","Medical District",116
2023-01-01,"37","Abrams Road",4318
2023-01-01,"42","Fruitdale",0
2023-02-01,"1","MLK Center",1035
2023-02-01,"3","Westmoreland",4435
2023-02-01,"5","Lake June",9622
2023-02-01,"8","Grand Prairie",4703
2023-02-01,"9","Irving",8833
2023-02-01,"10","Highland Hills",136
2023-02-01,"11","East Garland",5806
2023-02-01,"17","Northwest Highway",3616
2023-02-01,"24","North Dallas",6654
2023-02-01,"25","Ledbetter",8284
2023-02-01,"26","John West/Buckner",7361
2023-02-01,"30","Duncanville",3128
2023-02-01,"32","West Garland",4425
2023-02-01,"34","Medical District",112
2023-02-01,"37","Abrams Road",4388
2023-02-01,"42","Fruitdale",0
2023-03-01,"1","MLK Center",1105
2023-03-01,"3","Westmoreland",4520
2023-03-01,"5","Lake June",9941
2023-03-01,"8","Grand Prairie",4875
2023-03-01,"9","Irving",9039
2023-03-01,"10","Highland Hills",154
2023-03-01,"11","East Garland",5986
2023-03-01,"17","Northwest Highway",3826
2023-03-01,"24","North Dallas",6831
2023-03-01,"25","Ledbetter",8539
2023-03-01,"26","John West/Buckner",7608
2023-03-01,"30","Duncanville",3247
2023-03-01,"32","West Garland",4597
2023-03-01,"34","Medical District",121
2023-03-01,"37","Abrams Road",4510
2023-03-01,"42","Fruitdale",0
2023-04-01,"1","MLK Center",1186
2023-04-01,"3","Westmoreland",4539
2023-04-01,"5","Lake June",10018
2023-04-01,"8","Grand Prairie",4903
2023-04-01,"9","Irving",9146
2023-04-01,"10","Highland Hills",165
2023-04-01,"11","East Garland",6103
2023-04-01,"17","Northwest Highway",3779
2023-04-01,"24","North Dallas",6835
2023-04-01,"25","Ledbetter",8711
2023-04-01,"26","John West/Buckner",7681
2023-04-01,"30","Duncanville",3273
2023-04-01,"32","West Garland",4662
2023-04-01,"34","Medical District",136
2023-04-01,"37","Abrams Road",4535
2023-04-01,"42","Fruitdale",0
2023-05-01,"1","MLK Center",1244
2023-05-01,"3","Westmoreland",4462
2023-05-01,"5","Lake June",10040
2023-05-01,"8","Grand Prairie",4977
2023-05-01,"9","Irving",9200
2023-05-01,"10","Highland Hills",179
2023-05-01,"11","East Garland",6182
2023-05-01,"17","Northwest Highway",3818
2023-05-01,"24","North Dallas",6959
2023-05-01,"25","Ledbetter",8800
2023-05-01,"26","John West/Buckner",7749
2023-05-01,"30","Duncanville",3297
2023-05-01,"32","West Garland",4755
2023-05-01,"34","Medical District",141
2023-05-01,"37","Abrams Road",4606
2023-05-01,"42","Fruitdale",0
2023-06-01,"1","MLK Center",1259
2023-06-01,"3","Westmoreland",4482
2023-06-01,"5","Lake June",9929
2023-06-01,"8","Grand Prairie",4909
2023-06-01,"9","Irving",9196
2023-06-01,"10","Highland Hills",232
2023-06-01,"11","East Garland",6287
2023-06-01,"17","Northwest Highway",3825
2023-06-01,"24","North Dallas",7056
2023-06-01,"25","Ledbetter",9062
2023-06-01,"26","John West/Buckner",7738
2023-06-01,"30","Duncanville",3315
2023-06-01,"32","West Garland",4753
2023-06-01,"34","Medical District",136
2023-06-01,"37","Abrams Road",4676
2023-06-01,"42","Fruitdale",11
2023-07-01,"1","MLK Center",1281
2023-07-01,"3","Westmoreland",4378
2023-07-01,"5","Lake June",9764
2023-07-01,"8","Grand Prairie",4897
2023-07-01,"9","Irving",9253
2023-07-01,"10","Highland Hills",283
2023-07-01,"11","East Garland",6425
2023-07-01,"17","Northwest Highway",3801
2023-07-01,"24","North Dallas",7099
2023-07-01,"25","Ledbetter",9255
2023-07-01,"26","John West/Buckner",7702
2023-07-01,"30","Duncanville",3299
2023-07-01,"32","West Garland",4741
2023-07-01,"34","Medical District",119
2023-07-01,"37","Abrams Road",4703
2023-07-01,"42","Fruitdale",22
